Workbook

Sheet loads_profile
A1: timestamp | B1: load_bus4_kw | C1: load_bus10_kw | D1: load_bus11_kw | E1: load_bus17_kw | F1: load_bus18_kw | G1: load_bus20_kw | H1: load_bus21_kw
A2: 0 | B2: 0.48 | C2: 0.45 | D2: 0.39 | E2: 0.51 | F2: 0.45 | G2: 0.51 | H2: 0.42
A3: 1 | B3: 0.448 | C3: 0.42 | D3: 0.364 | E3: 0.476 | F3: 0.42 | G3: 0.476 | H3: 0.392
A4: 2 | B4: 0.432 | C4: 0.405 | D4: 0.351 | E4: 0.459 | F4: 0.405 | G4: 0.459 | H4: 0.378
A5: 3 | B5: 0.416 | C5: 0.39 | D5: 0.338 | E5: 0.442 | F5: 0.39 | G5: 0.442 | H5: 0.364
A6: 4 | B6: 0.432 | C6: 0.405 | D6: 0.351 | E6: 0.459 | F6: 0.405 | G6: 0.459 | H6: 0.378
A7: 5 | B7: 0.56 | C7: 0.525 | D7: 0.455 | E7: 0.595 | F7: 0.525 | G7: 0.595 | H7: 0.49
A8: 6 | B8: 0.88 | C8: 0.825 | D8: 0.715 | E8: 0.935 | F8: 0.825 | G8: 0.935 | H8: 0.77
A9: 7 | B9: 1.28 | C9: 1.2 | D9: 1.04 | E9: 1.36 | F9: 1.2 | G9: 1.36 | H9: 1.12
A10: 8 | B10: 1.04 | C10: 0.975 | D10: 0.845 | E10: 1.105 | F10: 0.975 | G10: 1.105 | H10: 0.91
A11: 9 | B11: 0.88 | C11: 0.825 | D11: 0.715 | E11: 0.935 | F11: 0.825 | G11: 0.935 | H11: 0.77
A12: 10 | B12: 0.8 | C12: 0.75 | D12: 0.65 | E12: 0.85 | F12: 0.75 | G12: 0.85 | H12: 0.7
A13: 11 | B13: 0.768 | C13: 0.72 | D13: 0.624 | E13: 0.816 | F13: 0.72 | G13: 0.816 | H13: 0.672
... A25: 23 | B25: 0.512 | C25: 0.48 | D25: 0.416 | E25: 0.544 | F25: 0.48 | G25: 0.544 | H25: 0.448
B27: 21.168

Sheet Calculations
B1: summer (kW) | C1: winter (kW) | D1: max(summer) | E1: max(winter) | H1: normalised summer | I1: normalised winter
A2: 0 | B2: 0.5 | C2: 0.74 | D2: =MAX(B2:B25) -> 1 | E2: =MAX(B2:C25) -> 2.2 | H2: =B2 -> 0.5 | I2: =C2/E$2 -> 0.33636364
A3: 1 | B3: 0.48 | C3: 0.66 | H3: =B3 -> 0.48 | I3: =C3/E$2 -> 0.3
A4: 2 | B4: 0.45 | C4: 0.58 | H4: =B4 -> 0.45 | I4: =C4/E$2 -> 0.26363636
A5: 3 | B5: 0.44 | C5: 0.55 | H5: =B5 -> 0.44 | I5: =C5/E$2 -> 0.25
A6: 4 | B6: 0.45 | C6: 0.7 | H6: =B6 -> 0.45 | I6: =C6/E$2 -> 0.31818182
A7: 5 | B7: 0.52 | C7: 0.85 | H7: =B7 -> 0.52 | I7: =C7/E$2 -> 0.38636364
A8: 6 | B8: 0.58 | C8: 1.2 | H8: =B8 -> 0.58 | I8: =C8/E$2 -> 0.54545455
A9: 7 | B9: 0.94 | C9: 1.85 | H9: =B9 -> 0.94 | I9: =C9/E$2 -> 0.84090909
A10: 8 | B10: 0.8 | C10: 1.5 | H10: =B10 -> 0.8 | I10: =C10/E$2 -> 0.68181818
A11: 9 | B11: 0.62 | C11: 1.08 | H11: =B11 -> 0.62 | I11: =C11/E$2 -> 0.49090909
A12: 10 | B12: 0.5 | C12: 0.9 | H12: =B12 -> 0.5 | I12: =C12/E$2 -> 0.40909091
A13: 11 | B13: 0.5 | C13: 0.87 | H13: =B13 -> 0.5 | I13: =C13/E$2 -> 0.39545455
A14: 12 | B14: 0.39 | C14: 0.82 | H14: =B14 -> 0.39 | I14: =C14/E$2 -> 0.37272727
... A25: 23 | B25: 0.62 | C25: 0.87 | H25: =B25 -> 0.62 | I25: =C25/E$2 -> 0.39545455
B28: =SUM(B2:B25) -> 14.73 | C28: =SUM(C2:C25) -> 27.65
A29: ratio summer: winter | B29: =C28/B28 -> 1.8771215
B31: S+W = 6500 | E31: =B29+1 -> 2.8771215
B32: W = 1.88S | E32: =6500/E31 -> 2259.2025
B33: S = 6500/2.88=2257 | E33: =E32*B29 -> 4240.7975
B34: W= 1.88*2257 = 4243 | D34: Summer daily load | E34: =E32/365.25/2 -> 3.0926796
B35: S _day = 2257/ 182.5 = 3.1 | D35: Winter daily load | E35: =E33/365.25/2 -> 5.8053354
B36: W_day = 4243/182.5= 5.8 | D36: Marae multiplier | E36: 2
D37: low_user multiplier | E37: 0.9
D38: high user multiplier | E38: 1.1
D39: No marae multiplier | E39: 0.5
D40: 3 loads (including marae) have regular load, 2 high user, 2 low users.
D41: Load 4 | E41: standard user
D42: load 21 | E42: high
D43: load 20 | E43: low
D44: load 10 | E44: standard (marae)
D45: load 18 | E45: standard (marae)
D46: load 11 | E46: high
D47: load 17 | E47: low

Sheet summer_no_marae
A1: timestamp | B1: load_bus4_kw | C1: load_bus10_kw | D1: load_bus11_kw | E1: load_bus17_kw | F1: load_bus18_kw | G1: load_bus20_kw | H1: load_bus21_kw
A2: 0 | B2: {=Calculations!E$34*Calculations!H2:H25} -> 1.5463398 | C2: =Calculations!E$34*Calculations!H2 -> 1.5463398 | D2: =Calculations!E$34*Calculations!E$38*Calculations!H2 -> 1.7009738 | E2: =Calculations!E$34*Calculations!E$37*Calculations!H2 -> 1.3917058 | F2: =Calculations!E$34*Calculations!H2 -> 1.5463398 | G2: =Calculations!E$34*Calculations!E$37*Calculations!H2 -> 1.3917058 | H2: =Calculations!E$34*Calculations!E$38*Calculations!H2 -> 1.7009738
A3: 1 | B3: 1.4844862 | C3: =Calculations!E$34*Calculations!H3 -> 1.4844862 | D3: =Calculations!E$34*Calculations!E$38*Calculations!H3 -> 1.6329348 | E3: =Calculations!E$34*Calculations!E$37*Calculations!H3 -> 1.3360376 | F3: =Calculations!E$34*Calculations!H3 -> 1.4844862 | G3: =Calculations!E$34*Calculations!E$37*Calculations!H3 -> 1.3360376 | H3: =Calculations!E$34*Calculations!E$38*Calculations!H3 -> 1.6329348
A4: 2 | B4: 1.3917058 | C4: =Calculations!E$34*Calculations!H4 -> 1.3917058 | D4: =Calculations!E$34*Calculations!E$38*Calculations!H4 -> 1.5308764 | E4: =Calculations!E$34*Calculations!E$37*Calculations!H4 -> 1.2525352 | F4: =Calculations!E$34*Calculations!H4 -> 1.3917058 | G4: =Calculations!E$34*Calculations!E$37*Calculations!H4 -> 1.2525352 | H4: =Calculations!E$34*Calculations!E$38*Calculations!H4 -> 1.5308764
A5: 3 | B5: 1.360779 | C5: =Calculations!E$34*Calculations!H5 -> 1.360779 | D5: =Calculations!E$34*Calculations!E$38*Calculations!H5 -> 1.4968569 | E5: =Calculations!E$34*Calculations!E$37*Calculations!H5 -> 1.2247011 | F5: =Calculations!E$34*Calculations!H5 -> 1.360779 | G5: =Calculations!E$34*Calculations!E$37*Calculations!H5 -> 1.2247011 | H5: =Calculations!E$34*Calculations!E$38*Calculations!H5 -> 1.4968569
A6: 4 | B6: 1.3917058 | C6: =Calculations!E$34*Calculations!H6 -> 1.3917058 | D6: =Calculations!E$34*Calculations!E$38*Calculations!H6 -> 1.5308764 | E6: =Calculations!E$34*Calculations!E$37*Calculations!H6 -> 1.2525352 | F6: =Calculations!E$34*Calculations!H6 -> 1.3917058 | G6: =Calculations!E$34*Calculations!E$37*Calculations!H6 -> 1.2525352 | H6: =Calculations!E$34*Calculations!E$38*Calculations!H6 -> 1.5308764
A7: 5 | B7: 1.6081934 | C7: =Calculations!E$34*Calculations!H7 -> 1.6081934 | D7: =Calculations!E$34*Calculations!E$38*Calculations!H7 -> 1.7690127 | E7: =Calculations!E$34*Calculations!E$37*Calculations!H7 -> 1.4473741 | F7: =Calculations!E$34*Calculations!H7 -> 1.6081934 | G7: =Calculations!E$34*Calculations!E$37*Calculations!H7 -> 1.4473741 | H7: =Calculations!E$34*Calculations!E$38*Calculations!H7 -> 1.7690127
A8: 6 | B8: 1.7937542 | C8: =Calculations!E$34*Calculations!H8 -> 1.7937542 | D8: =Calculations!E$34*Calculations!E$38*Calculations!H8 -> 1.9731296 | E8: =Calculations!E$34*Calculations!E$37*Calculations!H8 -> 1.6143788 | F8: =Calculations!E$34*Calculations!H8 -> 1.7937542 | G8: =Calculations!E$34*Calculations!E$37*Calculations!H8 -> 1.6143788 | H8: =Calculations!E$34*Calculations!E$38*Calculations!H8 -> 1.9731296
A9: 7 | B9: 2.9071188 | C9: =Calculations!E$34*Calculations!H9 -> 2.9071188 | D9: =Calculations!E$34*Calculations!E$38*Calculations!H9 -> 3.1978307 | E9: =Calculations!E$34*Calculations!E$37*Calculations!H9 -> 2.6164069 | F9: =Calculations!E$34*Calculations!H9 -> 2.9071188 | G9: =Calculations!E$34*Calculations!E$37*Calculations!H9 -> 2.6164069 | H9: =Calculations!E$34*Calculations!E$38*Calculations!H9 -> 3.1978307
A10: 8 | B10: 2.4741437 | C10: =Calculations!E$34*Calculations!H10 -> 2.4741437 | D10: =Calculations!E$34*Calculations!E$38*Calculations!H10 -> 2.7215581 | E10: =Calculations!E$34*Calculations!E$37*Calculations!H10 -> 2.2267293 | F10: =Calculations!E$34*Calculations!H10 -> 2.4741437 | G10: =Calculations!E$34*Calculations!E$37*Calculations!H10 -> 2.2267293 | H10: =Calculations!E$34*Calculations!E$38*Calculations!H10 -> 2.7215581
A11: 9 | B11: 1.9174614 | C11: =Calculations!E$34*Calculations!H11 -> 1.9174614 | D11: =Calculations!E$34*Calculations!E$38*Calculations!H11 -> 2.1092075 | E11: =Calculations!E$34*Calculations!E$37*Calculations!H11 -> 1.7257152 | F11: =Calculations!E$34*Calculations!H11 -> 1.9174614 | G11: =Calculations!E$34*Calculations!E$37*Calculations!H11 -> 1.7257152 | H11: =Calculations!E$34*Calculations!E$38*Calculations!H11 -> 2.1092075
A12: 10 | B12: 1.5463398 | C12: =Calculations!E$34*Calculations!H12 -> 1.5463398 | D12: =Calculations!E$34*Calculations!E$38*Calculations!H12 -> 1.7009738 | E12: =Calculations!E$34*Calculations!E$37*Calculations!H12 -> 1.3917058 | F12: =Calculations!E$34*Calculations!H12 -> 1.5463398 | G12: =Calculations!E$34*Calculations!E$37*Calculations!H12 -> 1.3917058 | H12: =Calculations!E$34*Calculations!E$38*Calculations!H12 -> 1.7009738
A13: 11 | B13: 1.5463398 | C13: =Calculations!E$34*Calculations!H13 -> 1.5463398 | D13: =Calculations!E$34*Calculations!E$38*Calculations!H13 -> 1.7009738 | E13: =Calculations!E$34*Calculations!E$37*Calculations!H13 -> 1.3917058 | F13: =Calculations!E$34*Calculations!H13 -> 1.5463398 | G13: =Calculations!E$34*Calculations!E$37*Calculations!H13 -> 1.3917058 | H13: =Calculations!E$34*Calculations!E$38*Calculations!H13 -> 1.7009738
A14: 12 | B14: 1.206145 | C14: =Calculations!E$34*Calculations!H14 -> 1.206145 | D14: =Calculations!E$34*Calculations!E$38*Calculations!H14 -> 1.3267596 | E14: =Calculations!E$34*Calculations!E$37*Calculations!H14 -> 1.0855305 | F14: =Calculations!E$34*Calculations!H14 -> 1.206145 | G14: =Calculations!E$34*Calculations!E$37*Calculations!H14 -> 1.0855305 | H14: =Calculations!E$34*Calculations!E$38*Calculations!H14 -> 1.3267596
... A25: 23 | B25: 1.9174614 | C25: =Calculations!E$34*Calculations!H25 -> 1.9174614 | D25: =Calculations!E$34*Calculations!E$38*Calculations!H25 -> 2.1092075 | E25: =Calculations!E$34*Calculations!E$37*Calculations!H25 -> 1.7257152 | F25: =Calculations!E$34*Calculations!H25 -> 1.9174614 | G25: =Calculations!E$34*Calculations!E$37*Calculations!H25 -> 1.7257152 | H25: =Calculations!E$34*Calculations!E$38*Calculations!H25 -> 2.1092075

Sheet summer_marae
A1: timestamp | B1: load_bus4_kw | C1: load_bus10_kw | D1: load_bus11_kw | E1: load_bus17_kw | F1: load_bus18_kw | G1: load_bus20_kw | H1: load_bus21_kw
A2: 0 | B2: {=Calculations!E$34*Calculations!H2:H25} -> 1.5463398 | C2: =Calculations!E$34*Calculations!E$36*Calculations!H2 -> 3.0926796 | D2: =Calculations!E$34*Calculations!E$38*Calculations!H2 -> 1.7009738 | E2: =Calculations!E$34*Calculations!E$37*Calculations!H2 -> 1.3917058 | F2: =Calculations!E$34*Calculations!E$36*Calculations!H2 -> 3.0926796 | G2: =Calculations!E$34*Calculations!E$37*Calculations!H2 -> 1.3917058 | H2: =Calculations!E$34*Calculations!E$38*Calculations!H2 -> 1.7009738
A3: 1 | B3: 1.4844862 | C3: =Calculations!E$34*Calculations!E$36*Calculations!H3 -> 2.9689724 | D3: =Calculations!E$34*Calculations!E$38*Calculations!H3 -> 1.6329348 | E3: =Calculations!E$34*Calculations!E$37*Calculations!H3 -> 1.3360376 | F3: =Calculations!E$34*Calculations!E$36*Calculations!H3 -> 2.9689724 | G3: =Calculations!E$34*Calculations!E$37*Calculations!H3 -> 1.3360376 | H3: =Calculations!E$34*Calculations!E$38*Calculations!H3 -> 1.6329348
A4: 2 | B4: 1.3917058 | C4: =Calculations!E$34*Calculations!E$36*Calculations!H4 -> 2.7834116 | D4: =Calculations!E$34*Calculations!E$38*Calculations!H4 -> 1.5308764 | E4: =Calculations!E$34*Calculations!E$37*Calculations!H4 -> 1.2525352 | F4: =Calculations!E$34*Calculations!E$36*Calculations!H4 -> 2.7834116 | G4: =Calculations!E$34*Calculations!E$37*Calculations!H4 -> 1.2525352 | H4: =Calculations!E$34*Calculations!E$38*Calculations!H4 -> 1.5308764
A5: 3 | B5: 1.360779 | C5: =Calculations!E$34*Calculations!E$36*Calculations!H5 -> 2.7215581 | D5: =Calculations!E$34*Calculations!E$38*Calculations!H5 -> 1.4968569 | E5: =Calculations!E$34*Calculations!E$37*Calculations!H5 -> 1.2247011 | F5: =Calculations!E$34*Calculations!E$36*Calculations!H5 -> 2.7215581 | G5: =Calculations!E$34*Calculations!E$37*Calculations!H5 -> 1.2247011 | H5: =Calculations!E$34*Calculations!E$38*Calculations!H5 -> 1.4968569
A6: 4 | B6: 1.3917058 | C6: =Calculations!E$34*Calculations!E$36*Calculations!H6 -> 2.7834116 | D6: =Calculations!E$34*Calculations!E$38*Calculations!H6 -> 1.5308764 | E6: =Calculations!E$34*Calculations!E$37*Calculations!H6 -> 1.2525352 | F6: =Calculations!E$34*Calculations!E$36*Calculations!H6 -> 2.7834116 | G6: =Calculations!E$34*Calculations!E$37*Calculations!H6 -> 1.2525352 | H6: =Calculations!E$34*Calculations!E$38*Calculations!H6 -> 1.5308764
A7: 5 | B7: 1.6081934 | C7: =Calculations!E$34*Calculations!E$36*Calculations!H7 -> 3.2163868 | D7: =Calculations!E$34*Calculations!E$38*Calculations!H7 -> 1.7690127 | E7: =Calculations!E$34*Calculations!E$37*Calculations!H7 -> 1.4473741 | F7: =Calculations!E$34*Calculations!E$36*Calculations!H7 -> 3.2163868 | G7: =Calculations!E$34*Calculations!E$37*Calculations!H7 -> 1.4473741 | H7: =Calculations!E$34*Calculations!E$38*Calculations!H7 -> 1.7690127
A8: 6 | B8: 1.7937542 | C8: =Calculations!E$34*Calculations!E$36*Calculations!H8 -> 3.5875083 | D8: =Calculations!E$34*Calculations!E$38*Calculations!H8 -> 1.9731296 | E8: =Calculations!E$34*Calculations!E$37*Calculations!H8 -> 1.6143788 | F8: =Calculations!E$34*Calculations!E$36*Calculations!H8 -> 3.5875083 | G8: =Calculations!E$34*Calculations!E$37*Calculations!H8 -> 1.6143788 | H8: =Calculations!E$34*Calculations!E$38*Calculations!H8 -> 1.9731296
A9: 7 | B9: 2.9071188 | C9: =Calculations!E$34*Calculations!E$36*Calculations!H9 -> 5.8142377 | D9: =Calculations!E$34*Calculations!E$38*Calculations!H9 -> 3.1978307 | E9: =Calculations!E$34*Calculations!E$37*Calculations!H9 -> 2.6164069 | F9: =Calculations!E$34*Calculations!E$36*Calculations!H9 -> 5.8142377 | G9: =Calculations!E$34*Calculations!E$37*Calculations!H9 -> 2.6164069 | H9: =Calculations!E$34*Calculations!E$38*Calculations!H9 -> 3.1978307
A10: 8 | B10: 2.4741437 | C10: =Calculations!E$34*Calculations!E$36*Calculations!H10 -> 4.9482874 | D10: =Calculations!E$34*Calculations!E$38*Calculations!H10 -> 2.7215581 | E10: =Calculations!E$34*Calculations!E$37*Calculations!H10 -> 2.2267293 | F10: =Calculations!E$34*Calculations!E$36*Calculations!H10 -> 4.9482874 | G10: =Calculations!E$34*Calculations!E$37*Calculations!H10 -> 2.2267293 | H10: =Calculations!E$34*Calculations!E$38*Calculations!H10 -> 2.7215581
A11: 9 | B11: 1.9174614 | C11: =Calculations!E$34*Calculations!E$36*Calculations!H11 -> 3.8349227 | D11: =Calculations!E$34*Calculations!E$38*Calculations!H11 -> 2.1092075 | E11: =Calculations!E$34*Calculations!E$37*Calculations!H11 -> 1.7257152 | F11: =Calculations!E$34*Calculations!E$36*Calculations!H11 -> 3.8349227 | G11: =Calculations!E$34*Calculations!E$37*Calculations!H11 -> 1.7257152 | H11: =Calculations!E$34*Calculations!E$38*Calculations!H11 -> 2.1092075
A12: 10 | B12: 1.5463398 | C12: =Calculations!E$34*Calculations!E$36*Calculations!H12 -> 3.0926796 | D12: =Calculations!E$34*Calculations!E$38*Calculations!H12 -> 1.7009738 | E12: =Calculations!E$34*Calculations!E$37*Calculations!H12 -> 1.3917058 | F12: =Calculations!E$34*Calculations!E$36*Calculations!H12 -> 3.0926796 | G12: =Calculations!E$34*Calculations!E$37*Calculations!H12 -> 1.3917058 | H12: =Calculations!E$34*Calculations!E$38*Calculations!H12 -> 1.7009738
A13: 11 | B13: 1.5463398 | C13: =Calculations!E$34*Calculations!E$36*Calculations!H13 -> 3.0926796 | D13: =Calculations!E$34*Calculations!E$38*Calculations!H13 -> 1.7009738 | E13: =Calculations!E$34*Calculations!E$37*Calculations!H13 -> 1.3917058 | F13: =Calculations!E$34*Calculations!E$36*Calculations!H13 -> 3.0926796 | G13: =Calculations!E$34*Calculations!E$37*Calculations!H13 -> 1.3917058 | H13: =Calculations!E$34*Calculations!E$38*Calculations!H13 -> 1.7009738
A14: 12 | B14: 1.206145 | C14: =Calculations!E$34*Calculations!E$36*Calculations!H14 -> 2.4122901 | D14: =Calculations!E$34*Calculations!E$38*Calculations!H14 -> 1.3267596 | E14: =Calculations!E$34*Calculations!E$37*Calculations!H14 -> 1.0855305 | F14: =Calculations!E$34*Calculations!E$36*Calculations!H14 -> 2.4122901 | G14: =Calculations!E$34*Calculations!E$37*Calculations!H14 -> 1.0855305 | H14: =Calculations!E$34*Calculations!E$38*Calculations!H14 -> 1.3267596
... A25: 23 | B25: 1.9174614 | C25: =Calculations!E$34*Calculations!E$36*Calculations!H25 -> 3.8349227 | D25: =Calculations!E$34*Calculations!E$38*Calculations!H25 -> 2.1092075 | E25: =Calculations!E$34*Calculations!E$37*Calculations!H25 -> 1.7257152 | F25: =Calculations!E$34*Calculations!E$36*Calculations!H25 -> 3.8349227 | G25: =Calculations!E$34*Calculations!E$37*Calculations!H25 -> 1.7257152 | H25: =Calculations!E$34*Calculations!E$38*Calculations!H25 -> 2.1092075

Sheet winter_no_marae
A1: timestamp | B1: load_bus4_kw | C1: load_bus10_kw | D1: load_bus11_kw | E1: load_bus17_kw | F1: load_bus18_kw | G1: load_bus20_kw | H1: load_bus21_kw
A2: 0 | B2: {=Calculations!E$35*Calculations!I2:I25} -> 1.9527037 | C2: =Calculations!E$35*Calculations!I2 -> 1.9527037 | D2: =Calculations!E$35*Calculations!E$38*Calculations!I2 -> 2.1479741 | E2: =Calculations!E$35*Calculations!E$37*Calculations!I2 -> 1.7574334 | F2: =Calculations!E$35*Calculations!I2 -> 1.9527037 | G2: =Calculations!E$35*Calculations!E$37*Calculations!I2 -> 1.7574334 | H2: =Calculations!E$35*Calculations!E$38*Calculations!I2 -> 2.1479741
A3: 1 | B3: 1.7416006 | C3: =Calculations!E$35*Calculations!I3 -> 1.7416006 | D3: =Calculations!E$35*Calculations!E$38*Calculations!I3 -> 1.9157607 | E3: =Calculations!E$35*Calculations!E$37*Calculations!I3 -> 1.5674406 | F3: =Calculations!E$35*Calculations!I3 -> 1.7416006 | G3: =Calculations!E$35*Calculations!E$37*Calculations!I3 -> 1.5674406 | H3: =Calculations!E$35*Calculations!E$38*Calculations!I3 -> 1.9157607
A4: 2 | B4: 1.5304975 | C4: =Calculations!E$35*Calculations!I4 -> 1.5304975 | D4: =Calculations!E$35*Calculations!E$38*Calculations!I4 -> 1.6835473 | E4: =Calculations!E$35*Calculations!E$37*Calculations!I4 -> 1.3774478 | F4: =Calculations!E$35*Calculations!I4 -> 1.5304975 | G4: =Calculations!E$35*Calculations!E$37*Calculations!I4 -> 1.3774478 | H4: =Calculations!E$35*Calculations!E$38*Calculations!I4 -> 1.6835473
A5: 3 | B5: 1.4513339 | C5: =Calculations!E$35*Calculations!I5 -> 1.4513339 | D5: =Calculations!E$35*Calculations!E$38*Calculations!I5 -> 1.5964672 | E5: =Calculations!E$35*Calculations!E$37*Calculations!I5 -> 1.3062005 | F5: =Calculations!E$35*Calculations!I5 -> 1.4513339 | G5: =Calculations!E$35*Calculations!E$37*Calculations!I5 -> 1.3062005 | H5: =Calculations!E$35*Calculations!E$38*Calculations!I5 -> 1.5964672
A6: 4 | B6: 1.8471522 | C6: =Calculations!E$35*Calculations!I6 -> 1.8471522 | D6: =Calculations!E$35*Calculations!E$38*Calculations!I6 -> 2.0318674 | E6: =Calculations!E$35*Calculations!E$37*Calculations!I6 -> 1.662437 | F6: =Calculations!E$35*Calculations!I6 -> 1.8471522 | G6: =Calculations!E$35*Calculations!E$37*Calculations!I6 -> 1.662437 | H6: =Calculations!E$35*Calculations!E$38*Calculations!I6 -> 2.0318674
A7: 5 | B7: 2.2429705 | C7: =Calculations!E$35*Calculations!I7 -> 2.2429705 | D7: =Calculations!E$35*Calculations!E$38*Calculations!I7 -> 2.4672676 | E7: =Calculations!E$35*Calculations!E$37*Calculations!I7 -> 2.0186735 | F7: =Calculations!E$35*Calculations!I7 -> 2.2429705 | G7: =Calculations!E$35*Calculations!E$37*Calculations!I7 -> 2.0186735 | H7: =Calculations!E$35*Calculations!E$38*Calculations!I7 -> 2.4672676
A8: 6 | B8: 3.1665466 | C8: =Calculations!E$35*Calculations!I8 -> 3.1665466 | D8: =Calculations!E$35*Calculations!E$38*Calculations!I8 -> 3.4832013 | E8: =Calculations!E$35*Calculations!E$37*Calculations!I8 -> 2.8498919 | F8: =Calculations!E$35*Calculations!I8 -> 3.1665466 | G8: =Calculations!E$35*Calculations!E$37*Calculations!I8 -> 2.8498919 | H8: =Calculations!E$35*Calculations!E$38*Calculations!I8 -> 3.4832013
A9: 7 | B9: 4.8817594 | C9: =Calculations!E$35*Calculations!I9 -> 4.8817594 | D9: =Calculations!E$35*Calculations!E$38*Calculations!I9 -> 5.3699353 | E9: =Calculations!E$35*Calculations!E$37*Calculations!I9 -> 4.3935834 | F9: =Calculations!E$35*Calculations!I9 -> 4.8817594 | G9: =Calculations!E$35*Calculations!E$37*Calculations!I9 -> 4.3935834 | H9: =Calculations!E$35*Calculations!E$38*Calculations!I9 -> 5.3699353
A10: 8 | B10: 3.9581833 | C10: =Calculations!E$35*Calculations!I10 -> 3.9581833 | D10: =Calculations!E$35*Calculations!E$38*Calculations!I10 -> 4.3540016 | E10: =Calculations!E$35*Calculations!E$37*Calculations!I10 -> 3.5623649 | F10: =Calculations!E$35*Calculations!I10 -> 3.9581833 | G10: =Calculations!E$35*Calculations!E$37*Calculations!I10 -> 3.5623649 | H10: =Calculations!E$35*Calculations!E$38*Calculations!I10 -> 4.3540016
A11: 9 | B11: 2.8498919 | C11: =Calculations!E$35*Calculations!I11 -> 2.8498919 | D11: =Calculations!E$35*Calculations!E$38*Calculations!I11 -> 3.1348811 | E11: =Calculations!E$35*Calculations!E$37*Calculations!I11 -> 2.5649028 | F11: =Calculations!E$35*Calculations!I11 -> 2.8498919 | G11: =Calculations!E$35*Calculations!E$37*Calculations!I11 -> 2.5649028 | H11: =Calculations!E$35*Calculations!E$38*Calculations!I11 -> 3.1348811
A12: 10 | B12: 2.37491 | C12: =Calculations!E$35*Calculations!I12 -> 2.37491 | D12: =Calculations!E$35*Calculations!E$38*Calculations!I12 -> 2.612401 | E12: =Calculations!E$35*Calculations!E$37*Calculations!I12 -> 2.137419 | F12: =Calculations!E$35*Calculations!I12 -> 2.37491 | G12: =Calculations!E$35*Calculations!E$37*Calculations!I12 -> 2.137419 | H12: =Calculations!E$35*Calculations!E$38*Calculations!I12 -> 2.612401
A13: 11 | B13: 2.2957463 | C13: =Calculations!E$35*Calculations!I13 -> 2.2957463 | D13: =Calculations!E$35*Calculations!E$38*Calculations!I13 -> 2.5253209 | E13: =Calculations!E$35*Calculations!E$37*Calculations!I13 -> 2.0661717 | F13: =Calculations!E$35*Calculations!I13 -> 2.2957463 | G13: =Calculations!E$35*Calculations!E$37*Calculations!I13 -> 2.0661717 | H13: =Calculations!E$35*Calculations!E$38*Calculations!I13 -> 2.5253209
A14: 12 | B14: 2.1638068 | C14: =Calculations!E$35*Calculations!I14 -> 2.1638068 | D14: =Calculations!E$35*Calculations!E$38*Calculations!I14 -> 2.3801875 | E14: =Calculations!E$35*Calculations!E$37*Calculations!I14 -> 1.9474262 | F14: =Calculations!E$35*Calculations!I14 -> 2.1638068 | G14: =Calculations!E$35*Calculations!E$37*Calculations!I14 -> 1.9474262 | H14: =Calculations!E$35*Calculations!E$38*Calculations!I14 -> 2.3801875
... A25: 23 | B25: 2.2957463 | C25: =Calculations!E$35*Calculations!I25 -> 2.2957463 | D25: =Calculations!E$35*Calculations!E$38*Calculations!I25 -> 2.5253209 | E25: =Calculations!E$35*Calculations!E$37*Calculations!I25 -> 2.0661717 | F25: =Calculations!E$35*Calculations!I25 -> 2.2957463 | G25: =Calculations!E$35*Calculations!E$37*Calculations!I25 -> 2.0661717 | H25: =Calculations!E$35*Calculations!E$38*Calculations!I25 -> 2.5253209

Sheet winter_marae
A1: timestamp | B1: load_bus4_kw | C1: load_bus10_kw | D1: load_bus11_kw | E1: load_bus17_kw | F1: load_bus18_kw | G1: load_bus20_kw | H1: load_bus21_kw
A2: 0 | B2: {=Calculations!E$35*Calculations!I2:I25} -> 1.9527037 | C2: =Calculations!E$35*Calculations!I2*Calculations!E$36 -> 3.9054075 | D2: =Calculations!E$35*Calculations!E$38*Calculations!I2 -> 2.1479741 | E2: =Calculations!E$35*Calculations!E$37*Calculations!I2 -> 1.7574334 | F2: =Calculations!E$35*Calculations!I2*Calculations!E$36 -> 3.9054075 | G2: =Calculations!E$35*Calculations!E$37*Calculations!I2 -> 1.7574334 | H2: =Calculations!E$35*Calculations!E$38*Calculations!I2 -> 2.1479741
A3: 1 | B3: 1.7416006 | C3: =Calculations!E$35*Calculations!I3*Calculations!E$36 -> 3.4832013 | D3: =Calculations!E$35*Calculations!E$38*Calculations!I3 -> 1.9157607 | E3: =Calculations!E$35*Calculations!E$37*Calculations!I3 -> 1.5674406 | F3: =Calculations!E$35*Calculations!I3*Calculations!E$36 -> 3.4832013 | G3: =Calculations!E$35*Calculations!E$37*Calculations!I3 -> 1.5674406 | H3: =Calculations!E$35*Calculations!E$38*Calculations!I3 -> 1.9157607
A4: 2 | B4: 1.5304975 | C4: =Calculations!E$35*Calculations!I4*Calculations!E$36 -> 3.0609951 | D4: =Calculations!E$35*Calculations!E$38*Calculations!I4 -> 1.6835473 | E4: =Calculations!E$35*Calculations!E$37*Calculations!I4 -> 1.3774478 | F4: =Calculations!E$35*Calculations!I4*Calculations!E$36 -> 3.0609951 | G4: =Calculations!E$35*Calculations!E$37*Calculations!I4 -> 1.3774478 | H4: =Calculations!E$35*Calculations!E$38*Calculations!I4 -> 1.6835473
A5: 3 | B5: 1.4513339 | C5: =Calculations!E$35*Calculations!I5*Calculations!E$36 -> 2.9026677 | D5: =Calculations!E$35*Calculations!E$38*Calculations!I5 -> 1.5964672 | E5: =Calculations!E$35*Calculations!E$37*Calculations!I5 -> 1.3062005 | F5: =Calculations!E$35*Calculations!I5*Calculations!E$36 -> 2.9026677 | G5: =Calculations!E$35*Calculations!E$37*Calculations!I5 -> 1.3062005 | H5: =Calculations!E$35*Calculations!E$38*Calculations!I5 -> 1.5964672
A6: 4 | B6: 1.8471522 | C6: =Calculations!E$35*Calculations!I6*Calculations!E$36 -> 3.6943044 | D6: =Calculations!E$35*Calculations!E$38*Calculations!I6 -> 2.0318674 | E6: =Calculations!E$35*Calculations!E$37*Calculations!I6 -> 1.662437 | F6: =Calculations!E$35*Calculations!I6*Calculations!E$36 -> 3.6943044 | G6: =Calculations!E$35*Calculations!E$37*Calculations!I6 -> 1.662437 | H6: =Calculations!E$35*Calculations!E$38*Calculations!I6 -> 2.0318674
A7: 5 | B7: 2.2429705 | C7: =Calculations!E$35*Calculations!I7*Calculations!E$36 -> 4.485941 | D7: =Calculations!E$35*Calculations!E$38*Calculations!I7 -> 2.4672676 | E7: =Calculations!E$35*Calculations!E$37*Calculations!I7 -> 2.0186735 | F7: =Calculations!E$35*Calculations!I7*Calculations!E$36 -> 4.485941 | G7: =Calculations!E$35*Calculations!E$37*Calculations!I7 -> 2.0186735 | H7: =Calculations!E$35*Calculations!E$38*Calculations!I7 -> 2.4672676
A8: 6 | B8: 3.1665466 | C8: =Calculations!E$35*Calculations!I8*Calculations!E$36 -> 6.3330932 | D8: =Calculations!E$35*Calculations!E$38*Calculations!I8 -> 3.4832013 | E8: =Calculations!E$35*Calculations!E$37*Calculations!I8 -> 2.8498919 | F8: =Calculations!E$35*Calculations!I8*Calculations!E$36 -> 6.3330932 | G8: =Calculations!E$35*Calculations!E$37*Calculations!I8 -> 2.8498919 | H8: =Calculations!E$35*Calculations!E$38*Calculations!I8 -> 3.4832013
A9: 7 | B9: 4.8817594 | C9: =Calculations!E$35*Calculations!I9*Calculations!E$36 -> 9.7635187 | D9: =Calculations!E$35*Calculations!E$38*Calculations!I9 -> 5.3699353 | E9: =Calculations!E$35*Calculations!E$37*Calculations!I9 -> 4.3935834 | F9: =Calculations!E$35*Calculations!I9*Calculations!E$36 -> 9.7635187 | G9: =Calculations!E$35*Calculations!E$37*Calculations!I9 -> 4.3935834 | H9: =Calculations!E$35*Calculations!E$38*Calculations!I9 -> 5.3699353
A10: 8 | B10: 3.9581833 | C10: =Calculations!E$35*Calculations!I10*Calculations!E$36 -> 7.9163665 | D10: =Calculations!E$35*Calculations!E$38*Calculations!I10 -> 4.3540016 | E10: =Calculations!E$35*Calculations!E$37*Calculations!I10 -> 3.5623649 | F10: =Calculations!E$35*Calculations!I10*Calculations!E$36 -> 7.9163665 | G10: =Calculations!E$35*Calculations!E$37*Calculations!I10 -> 3.5623649 | H10: =Calculations!E$35*Calculations!E$38*Calculations!I10 -> 4.3540016
A11: 9 | B11: 2.8498919 | C11: =Calculations!E$35*Calculations!I11*Calculations!E$36 -> 5.6997839 | D11: =Calculations!E$35*Calculations!E$38*Calculations!I11 -> 3.1348811 | E11: =Calculations!E$35*Calculations!E$37*Calculations!I11 -> 2.5649028 | F11: =Calculations!E$35*Calculations!I11*Calculations!E$36 -> 5.6997839 | G11: =Calculations!E$35*Calculations!E$37*Calculations!I11 -> 2.5649028 | H11: =Calculations!E$35*Calculations!E$38*Calculations!I11 -> 3.1348811
A12: 10 | B12: 2.37491 | C12: =Calculations!E$35*Calculations!I12*Calculations!E$36 -> 4.7498199 | D12: =Calculations!E$35*Calculations!E$38*Calculations!I12 -> 2.612401 | E12: =Calculations!E$35*Calculations!E$37*Calculations!I12 -> 2.137419 | F12: =Calculations!E$35*Calculations!I12*Calculations!E$36 -> 4.7498199 | G12: =Calculations!E$35*Calculations!E$37*Calculations!I12 -> 2.137419 | H12: =Calculations!E$35*Calculations!E$38*Calculations!I12 -> 2.612401
A13: 11 | B13: 2.2957463 | C13: =Calculations!E$35*Calculations!I13*Calculations!E$36 -> 4.5914926 | D13: =Calculations!E$35*Calculations!E$38*Calculations!I13 -> 2.5253209 | E13: =Calculations!E$35*Calculations!E$37*Calculations!I13 -> 2.0661717 | F13: =Calculations!E$35*Calculations!I13*Calculations!E$36 -> 4.5914926 | G13: =Calculations!E$35*Calculations!E$37*Calculations!I13 -> 2.0661717 | H13: =Calculations!E$35*Calculations!E$38*Calculations!I13 -> 2.5253209
A14: 12 | B14: 2.1638068 | C14: =Calculations!E$35*Calculations!I14*Calculations!E$36 -> 4.3276137 | D14: =Calculations!E$35*Calculations!E$38*Calculations!I14 -> 2.3801875 | E14: =Calculations!E$35*Calculations!E$37*Calculations!I14 -> 1.9474262 | F14: =Calculations!E$35*Calculations!I14*Calculations!E$36 -> 4.3276137 | G14: =Calculations!E$35*Calculations!E$37*Calculations!I14 -> 1.9474262 | H14: =Calculations!E$35*Calculations!E$38*Calculations!I14 -> 2.3801875
... A25: 23 | B25: 2.2957463 | C25: =Calculations!E$35*Calculations!I25*Calculations!E$36 -> 4.5914926 | D25: =Calculations!E$35*Calculations!E$38*Calculations!I25 -> 2.5253209 | E25: =Calculations!E$35*Calculations!E$37*Calculations!I25 -> 2.0661717 | F25: =Calculations!E$35*Calculations!I25*Calculations!E$36 -> 4.5914926 | G25: =Calculations!E$35*Calculations!E$37*Calculations!I25 -> 2.0661717 | H25: =Calculations!E$35*Calculations!E$38*Calculations!I25 -> 2.5253209
